-- phpMyAdmin SQL Dump
-- version 4.9.7
-- https://www.phpmyadmin.net/
--
-- Хост: localhost
-- Время создания: Май 18 2022 г., 13:05
-- Версия сервера: 5.7.21-20-beget-5.7.21-20-1-log
-- Версия PHP: 5.6.40

SET SQL_MODE = "NO_AUTO_VALUE_ON_ZERO";
SET AUTOCOMMIT = 0;
START TRANSACTION;
SET time_zone = "+00:00";


/*!40101 SET @OLD_CHARACTER_SET_CLIENT=@@CHARACTER_SET_CLIENT */;
/*!40101 SET @OLD_CHARACTER_SET_RESULTS=@@CHARACTER_SET_RESULTS */;
/*!40101 SET @OLD_COLLATION_CONNECTION=@@COLLATION_CONNECTION */;
/*!40101 SET NAMES utf8mb4 */;

--
-- База данных: `nicecuwg_archive`
--

-- --------------------------------------------------------

--
-- Структура таблицы `diplom`
--
-- Создание: Май 13 2022 г., 09:41
-- Последнее обновление: Май 14 2022 г., 17:58
--

DROP TABLE IF EXISTS `diplom`;
CREATE TABLE `diplom` (
  `id` int(11) NOT NULL,
  `iduser` int(11) NOT NULL,
  `theme` text NOT NULL,
  `countpages` int(11) NOT NULL,
  `score` varchar(32) DEFAULT NULL,
  `src` text NOT NULL,
  `mark` int(11) DEFAULT NULL
) ENGINE=InnoDB DEFAULT CHARSET=utf8;

--
-- Дамп данных таблицы `diplom`
--

INSERT INTO `diplom` (`id`, `iduser`, `theme`, `countpages`, `score`, `src`, `mark`) VALUES
(39, 15, 'Строительство', 1253, 'Одобрено', '../users/vaf2003/document/1652179374.xlsx', 5),
(43, 2, 'Промыш', 125, 'Одобрено', '../users/riki2002/document/1652263757.ini', 4),
(46, 13, 'Строительство', 123, 'Одобрено', '../users/ratanovpro/document/1652266971.ini', 4),
(47, 17, 'Маршрутизация в локальных компьютерных сетях', 125, 'Одобрено', '../users/mn2001/document/1652358069.txt', 4),
(48, 18, 'Использование информационных технологий в менеджменте предприятий', 125, 'Одобрено', '../users/pd2002/document/1652358183.txt', 5),
(49, 19, 'Сетевое оборудование: состав и характеристика', 123, 'Одобрено', '../users/aa2002/document/1652358268.txt', 2),
(50, 20, 'Локальная компьютерная сеть для ООО: особенности проектирования', 125, 'Одобрено', '../users/mp2002/document/1652358330.txt', 5),
(51, 21, 'Исследование средств доступа к ресурсам компьютерных сетей.', 125, 'Одобрено', '../users/sk2003/document/1652358390.txt', 5),
(52, 22, 'Системы маршрутизации в глобальных сетях: проблемы разработки', 125, 'Одобрено', '../users/kd2003/document/1652358449.txt', 4),
(53, 23, 'Разработка модернизации локальной компьютерной сети.', 125, 'Одобрено', '../users/mt2002/document/1652358505.txt', 4),
(54, 24, 'Виртуальные компьютерные сети: организация и функционирование.', 125, 'Одобрено', '../users/ld2002/document/1652358564.txt', 5),
(55, 25, 'Способы защиты информации в Интернете.', 125, NULL, '../users/id2002/document/1652358628.txt', 0),
(56, 26, 'Разработка компьютерной сети для медицинской клиники.', 125, NULL, '../users/as2002/document/1652358679.txt', 0),
(57, 27, 'Средства передачи данных в компьютерных сетях.', 125, NULL, '../users/km2002/document/1652358741.txt', 0),
(58, 28, 'Технология ADSL.', 125, NULL, '../users/saa2002/document/1652358798.txt', 0),
(59, 29, 'Разработка программы мониторинга сетевой активности компьютера', 125, NULL, '../users/at2002/document/1652358862.txt', 0),
(60, 30, 'Оборудование компьютерной сети предприятия: состав и характеристика.', 125, NULL, '../users/aa2003/document/1652358923.txt', 0),
(61, 31, 'Способы адресации в компьютерных сетях.', 125, NULL, '../users/vd2002/document/1652358979.txt', 0),
(62, 32, 'Методики расчета эффективности торговых интернет-систем.', 125, NULL, '../users/07m2002/document/1652359036.txt', 0),
(63, 33, 'Сетевые компьютерные технологии в интернет-маркетинге.', 125, NULL, '../users/ma2002/document/1652359175.txt', 0),
(64, 34, 'Анализ сетевых протоколов и стандартов.', 125, NULL, '../users/la2002/document/1652359219.txt', 0),
(65, 35, 'Сети документальной связи.', 125, NULL, '../users/dm2002/document/1652359399.txt', 0),
(66, 36, 'Разработка компьютерной сети для средней школы.', 135, NULL, '../users/ai2002/document/1652359499.txt', 0),
(67, 37, 'Анализ протоколов передачи данных нижнего уровня.', 125, NULL, '../users/kr2002/document/1652359555.txt', 0),
(68, 38, 'Программное обеспечение компьютерной сети.', 125, NULL, '../users/iz2002/document/1652359602.txt', 0),
(69, 39, 'Способы повышения эффективности работы компьютерных сетей в компании.', 125, NULL, '../users/mi2002/document/1652359665.txt', 0),
(70, 40, '«Автоматизированные информационные системы управления»', 125, NULL, '../users/em2002/document/1652359785.txt', 0),
(71, 41, '«Предназначение адаптивного матричного мультипликатора»', 125, NULL, '../users/sg2002/document/1652359859.txt', 0),
(72, 42, '«Адекватность и объективность моделирования информационной системы управления»', 125, NULL, '../users/ag2002/document/1652360036.txt', 0),
(73, 43, '«Мониторинговый алгоритм состояния сети передачи данных»', 125, NULL, '../users/mm2002/document/1652360286.txt', 0),
(74, 44, '«Сущность и особенности алгоритма работы блока ввода и обработки данных»', 125, NULL, '../users/eh2002/document/1652360380.txt', 0),
(75, 45, '«Оценка интенсивности трафика»', 125, NULL, '../users/ip2002/document/1652361613.txt', 0),
(76, 46, 'Оценка качества связи на основании принятия информационных сигналов', 125, NULL, '../users/vi2002/document/1652361769.txt', 0),
(77, 47, 'Особенности математического и программного обеспечения систем управления', 125, NULL, '../users/ao2002/document/1652361849.txt', 0),
(78, 48, 'Оценка надежности системы с общей резервацией элементов', 125, NULL, '../users/ia2002/document/1652361980.txt', 0),
(79, 49, 'Характерные особенности моделирования систем передачи информации особой важности', 125, NULL, '../users/ya2002/document/1652362068.txt', 0),
(80, 50, 'Анализ состояния случайных временных рядов', 125, NULL, '../users/gma2002/document/1652362245.txt', 0),
(81, 51, 'Состав и структура системы информационного обеспечения', 125, NULL, '../users/kia2002/document/1652362477.txt', 0),
(82, 52, 'Особенности работы средств информационной безопасности;', 125, NULL, '../users/dt2002/document/1652362539.txt', 0),
(89, 14, 'Hellooo', 122, NULL, '../users/sg2004/document/1652447750.docx', 0),
(93, 56, 'dsdasd', 125, NULL, '../users/loppp/document/1652551099.docx', 0);

-- --------------------------------------------------------

--
-- Структура таблицы `groups`
--
-- Создание: Май 13 2022 г., 09:41
-- Последнее обновление: Май 13 2022 г., 09:41
--

DROP TABLE IF EXISTS `groups`;
CREATE TABLE `groups` (
  `id` int(11) NOT NULL,
  `name` varchar(32) NOT NULL,
  `course` int(11) NOT NULL,
  `year_id` int(11) NOT NULL,
  `otdelenie_id` int(11) NOT NULL
) ENGINE=InnoDB DEFAULT CHARSET=utf8;

--
-- Дамп данных таблицы `groups`
--

INSERT INTO `groups` (`id`, `name`, `course`, `year_id`, `otdelenie_id`) VALUES
(1, 'ГФ-181Б', 4, 5, 1),
(2, 'ИС-182', 4, 5, 2),
(3, 'ИС-172', 4, 4, 2),
(4, 'ИС-162', 4, 3, 2),
(5, 'ИС-152', 4, 2, 2),
(8, 'ГФ-161Б', 4, 3, 1),
(9, 'ГФ-151Б', 4, 2, 1),
(10, 'ИС-142', 4, 1, 2),
(11, 'БУР-181Б', 4, 5, 1),
(12, 'БУР-182', 4, 5, 1),
(13, 'БУХ-181к', 4, 5, 1),
(14, 'СТ-181Б', 4, 5, 2),
(15, 'СТ-182Б', 4, 5, 2),
(16, 'СТ-183', 4, 5, 2),
(17, 'АД-181б', 4, 5, 1),
(18, 'АМ-181Б', 4, 5, 1),
(19, 'АМ-182', 4, 5, 1),
(20, 'АП-181', 4, 5, 1),
(21, 'ЭКС-181б', 4, 5, 2),
(22, 'ЭКС-182', 4, 5, 2),
(23, 'ЭЛ-181', 4, 5, 2),
(24, 'ЭЛ1-192Б', 4, 5, 2),
(25, 'АВ-181б', 4, 5, 2),
(26, 'ИС-181б', 4, 5, 2),
(27, 'МЕХ-181б', 4, 5, 1),
(28, 'СМ-181б', 4, 5, 1),
(29, 'АВ-191б', 4, 6, 2),
(30, 'АД-191б', 4, 6, 1),
(31, 'АМ-191б', 4, 6, 1),
(32, 'АМ-192', 4, 6, 1),
(33, 'БУР-191б', 4, 6, 1),
(34, 'БУР-192', 4, 6, 1),
(35, 'БУХ-191', 4, 6, 1),
(36, 'ГФ-191б', 4, 6, 1),
(37, 'ИС-191б', 4, 6, 2),
(38, 'ИС-192', 4, 6, 2),
(39, 'МЕХ-191б', 4, 6, 1),
(40, 'СМ-191б', 4, 6, 1),
(41, 'СТ-191б', 4, 6, 2),
(42, 'СТ-192б', 4, 6, 2),
(43, 'СТ-193', 4, 6, 2),
(44, 'ЭКС-191б', 4, 6, 2),
(45, 'ЭКС-192', 4, 6, 2),
(46, 'ЭКС1-194', 4, 6, 2),
(47, 'ЭЛ-191', 4, 6, 2);

-- --------------------------------------------------------

--
-- Структура таблицы `otdelenie`
--
-- Создание: Май 13 2022 г., 09:41
-- Последнее обновление: Май 13 2022 г., 09:41
--

DROP TABLE IF EXISTS `otdelenie`;
CREATE TABLE `otdelenie` (
  `id` int(11) NOT NULL,
  `name` varchar(32) NOT NULL
) ENGINE=InnoDB DEFAULT CHARSET=utf8;

--
-- Дамп данных таблицы `otdelenie`
--

INSERT INTO `otdelenie` (`id`, `name`) VALUES
(1, 'Нефтяное отделение'),
(2, 'Строительное отделение');

-- --------------------------------------------------------

--
-- Структура таблицы `roles`
--
-- Создание: Май 13 2022 г., 09:41
-- Последнее обновление: Май 13 2022 г., 09:41
--

DROP TABLE IF EXISTS `roles`;
CREATE TABLE `roles` (
  `id` int(11) NOT NULL,
  `name` varchar(32) NOT NULL
) ENGINE=InnoDB DEFAULT CHARSET=utf8;

--
-- Дамп данных таблицы `roles`
--

INSERT INTO `roles` (`id`, `name`) VALUES
(1, 'Администратор'),
(2, 'Руководитель'),
(3, 'Студент'),
(4, 'Модератор');

-- --------------------------------------------------------

--
-- Структура таблицы `users`
--
-- Создание: Май 13 2022 г., 09:41
-- Последнее обновление: Май 15 2022 г., 07:33
--

DROP TABLE IF EXISTS `users`;
CREATE TABLE `users` (
  `id` int(11) NOT NULL,
  `surname` varchar(32) NOT NULL,
  `name` varchar(32) NOT NULL,
  `midname` varchar(32) NOT NULL,
  `date` date NOT NULL,
  `pass` varchar(50) NOT NULL,
  `login` varchar(32) NOT NULL,
  `idrole` int(11) NOT NULL,
  `idgroup` int(11) DEFAULT NULL
) ENGINE=InnoDB DEFAULT CHARSET=utf8;

--
-- Дамп данных таблицы `users`
--

INSERT INTO `users` (`id`, `surname`, `name`, `midname`, `date`, `pass`, `login`, `idrole`, `idgroup`) VALUES
(2, 'Камалов          ', 'Ильдар          ', 'Альбертович          ', '2002-12-24', '7da96c27ad68692a3f7210bed1edc920', 'riki2002', 3, 38),
(13, 'Ратанов  ', 'Олег         ', 'Владимирович         ', '1989-01-24', 'e64062dad57e0c71b8fc494c5b68f2d9', 'ratanovpro', 2, 1),
(14, 'Гайфиев      ', 'Салават    ', 'Артурович      ', '2004-01-19', 'b68041b6282b6700cd01238704215c66', 'sg2004', 1, 1),
(15, 'Вафин      ', 'Эмиль      ', 'Ильшатович      ', '2003-06-17', '63078cd8bb1d5c7676db982814a0e0ef', 'vaf2003', 2, 38),
(17, 'Иванова  ', 'Марьям  ', 'Никитична ', '2001-02-02', 'e10adc3949ba59abbe56e057f20f883e', 'mn2001', 3, 11),
(18, 'Лапина   ', 'Полина ', 'Данииловна ', '2002-02-19', 'e10adc3949ba59abbe56e057f20f883e', 'pd2002', 3, 12),
(19, 'Зайцева ', 'Анна ', 'Александровна ', '2002-03-12', 'e10adc3949ba59abbe56e057f20f883e', 'aa2002', 3, 13),
(20, 'Борисов   ', 'Матвей ', 'Павлович ', '2002-12-12', 'e10adc3949ba59abbe56e057f20f883e', 'mp2002', 3, 14),
(21, 'Горбунова   ', 'София ', 'Кирилловна ', '2003-02-07', 'e10adc3949ba59abbe56e057f20f883e', 'sk2003', 3, 15),
(22, 'Кожевников    ', 'Константин  ', 'Денисович  ', '2003-03-13', 'e10adc3949ba59abbe56e057f20f883e', 'kd2003', 3, 16),
(23, 'Елисеева   ', 'Мария ', 'Тимуровна ', '2002-02-19', 'e10adc3949ba59abbe56e057f20f883e', 'mt2002', 3, 17),
(24, 'Новиков ', 'Леонид ', 'Давидович ', '2002-04-04', 'e10adc3949ba59abbe56e057f20f883e', 'ld2002', 3, 18),
(25, 'Попов  ', 'Илья ', 'Дмитриевич ', '2002-02-04', 'e10adc3949ba59abbe56e057f20f883e', 'id2002', 3, 19),
(26, 'Климов   ', 'Алексей ', 'Семёнович ', '2002-12-04', 'e10adc3949ba59abbe56e057f20f883e', 'as2002', 3, 20),
(27, 'Агапова ', 'Кристина ', 'Марковна ', '2002-11-11', 'e10adc3949ba59abbe56e057f20f883e', 'km2002', 3, 21),
(28, 'Семенова  ', 'Анастасия ', 'Артёмовна ', '2002-05-04', 'e10adc3949ba59abbe56e057f20f883e', 'saa2002', 3, 22),
(29, 'Исаев ', 'Артём ', 'Тимофеевич ', '2002-05-05', 'e10adc3949ba59abbe56e057f20f883e', 'at2002', 3, 23),
(30, 'Алексеев   ', 'Андрей ', 'Александрович ', '2003-12-02', 'e10adc3949ba59abbe56e057f20f883e', 'aa2003', 3, 24),
(31, 'Морозова  ', 'Вероника ', 'Данииловна ', '2002-05-05', 'e10adc3949ba59abbe56e057f20f883e', 'vd2002', 3, 25),
(32, 'Гришин ', 'Михаил  ', 'Константинович ', '2002-07-07', 'e10adc3949ba59abbe56e057f20f883e', '07m2002', 3, 26),
(33, 'Жданов ', 'Максим ', 'Александрович ', '2002-08-08', 'e10adc3949ba59abbe56e057f20f883e', 'ma2002', 3, 27),
(34, 'Симонов ', 'Лев ', 'Александрович ', '2002-09-09', 'e10adc3949ba59abbe56e057f20f883e', 'la2002', 3, 28),
(35, 'Туманов  ', 'Даниил ', 'Максимович ', '2002-03-23', 'e10adc3949ba59abbe56e057f20f883e', 'dm2002', 3, 29),
(36, 'Беляева  ', 'Алёна ', 'Ильинична ', '2002-06-18', 'e10adc3949ba59abbe56e057f20f883e', 'ai2002', 3, 30),
(37, 'Лебедев  ', 'Кирилл ', 'Романович ', '2002-06-15', 'e10adc3949ba59abbe56e057f20f883e', 'kr2002', 3, 31),
(38, 'Алексеев  ', 'Илья ', 'Захарович ', '2002-08-08', 'e10adc3949ba59abbe56e057f20f883e', 'iz2002', 3, 31),
(39, 'Лебедев ', 'Михаил ', 'Иванович ', '2002-09-09', 'e10adc3949ba59abbe56e057f20f883e', 'mi2002', 3, 32),
(40, 'Мартынова ', 'Ева ', 'Михайловна ', '2002-01-11', 'e10adc3949ba59abbe56e057f20f883e', 'em2002', 3, 33),
(41, 'Кузнецов  ', 'Святослав ', 'Гордеевич ', '2002-08-08', 'e10adc3949ba59abbe56e057f20f883e', 'sg2002', 3, 34),
(42, 'Некрасов  ', 'Александр  ', 'Григорьевич  ', '2002-01-10', 'e10adc3949ba59abbe56e057f20f883e', 'ag2002', 3, 35),
(43, 'Овчинникова ', 'Мадина ', 'Мироновна ', '2002-05-05', 'e10adc3949ba59abbe56e057f20f883e', 'mm2002', 3, 36),
(44, 'Тарасов ', 'Елисей ', 'Никитич ', '2002-06-16', 'e10adc3949ba59abbe56e057f20f883e', 'eh2002', 3, 37),
(45, 'Фомин ', 'Илья ', 'Петрович ', '2002-07-08', 'e10adc3949ba59abbe56e057f20f883e', 'ip2002', 3, 38),
(46, 'Ефремов ', 'Владислав ', 'Иванович ', '2002-12-07', 'e10adc3949ba59abbe56e057f20f883e', 'vi2002', 3, 39),
(47, 'Нечаев ', 'Артём ', 'Олегович ', '2002-02-18', 'e10adc3949ba59abbe56e057f20f883e', 'ao2002', 3, 40),
(48, 'Кузнецов ', 'Иван ', 'Александрович ', '2002-06-19', 'e10adc3949ba59abbe56e057f20f883e', 'ia2002', 3, 41),
(49, 'Яковлев ', 'Ярослав ', 'Александрович ', '2002-05-05', 'e10adc3949ba59abbe56e057f20f883e', 'ya2002', 3, 42),
(50, 'Гуров ', 'Михаил ', 'Анатольевич ', '2002-03-31', 'e10adc3949ba59abbe56e057f20f883e', 'gma2002', 3, 43),
(51, 'Кошелев ', 'Иван ', 'Артёмович ', '2002-07-07', 'e10adc3949ba59abbe56e057f20f883e', 'kia2002', 3, 44),
(52, 'Воробьев ', 'Давид ', 'Тимурович ', '2002-02-02', 'e10adc3949ba59abbe56e057f20f883e', 'dt2002', 3, 45),
(53, 'Галлямов ', 'Эмиль', 'Ильмирович', '2022-05-27', 'e10adc3949ba59abbe56e057f20f883e', 'Lg2323', 3, NULL),
(54, 'Матвинеко', 'Андрей', 'Викторович', '2006-10-14', '2b49e34db4045e39b239f2f98fb1ac30', 'Leopardpvp', 3, NULL),
(55, 'Абдулазянов ', 'Айнур ', 'Радикович', '2007-05-28', '607fc786c03727ca437aae6c5492bdc8', 'Айнур ', 3, NULL),
(56, 'лоппп   ', '1233213   ', '1123123123   ', '2100-10-10', 'fcea920f7412b5da7be0cf42b8c93759', 'loppp', 4, 1),
(57, 'Иванов', 'Никита', 'Андреевич', '2022-05-16', '1b75ed901dde6b576a4c2a3fa24f3e64', 'Immortal', 3, NULL);

-- --------------------------------------------------------

--
-- Структура таблицы `year`
--
-- Создание: Май 13 2022 г., 09:41
-- Последнее обновление: Май 13 2022 г., 09:41
--

DROP TABLE IF EXISTS `year`;
CREATE TABLE `year` (
  `id` int(11) NOT NULL,
  `year` int(11) NOT NULL
) ENGINE=InnoDB DEFAULT CHARSET=utf8;

--
-- Дамп данных таблицы `year`
--

INSERT INTO `year` (`id`, `year`) VALUES
(1, 2018),
(2, 2019),
(3, 2020),
(4, 2021),
(5, 2022),
(6, 2023);

--
-- Индексы сохранённых таблиц
--

--
-- Индексы таблицы `diplom`
--
ALTER TABLE `diplom`
  ADD PRIMARY KEY (`id`),
  ADD UNIQUE KEY `id` (`id`),
  ADD KEY `iduser` (`iduser`);

--
-- Индексы таблицы `groups`
--
ALTER TABLE `groups`
  ADD PRIMARY KEY (`id`),
  ADD UNIQUE KEY `id` (`id`),
  ADD KEY `otdelenie_id` (`year_id`),
  ADD KEY `otdelenie_id_2` (`otdelenie_id`);

--
-- Индексы таблицы `otdelenie`
--
ALTER TABLE `otdelenie`
  ADD PRIMARY KEY (`id`),
  ADD UNIQUE KEY `id` (`id`);

--
-- Индексы таблицы `roles`
--
ALTER TABLE `roles`
  ADD PRIMARY KEY (`id`),
  ADD UNIQUE KEY `id` (`id`);

--
-- Индексы таблицы `users`
--
ALTER TABLE `users`
  ADD PRIMARY KEY (`id`),
  ADD UNIQUE KEY `id` (`id`),
  ADD KEY `idrole` (`idrole`),
  ADD KEY `idgroup` (`idgroup`);

--
-- Индексы таблицы `year`
--
ALTER TABLE `year`
  ADD PRIMARY KEY (`id`);

--
-- AUTO_INCREMENT для сохранённых таблиц
--

--
-- AUTO_INCREMENT для таблицы `diplom`
--
ALTER TABLE `diplom`
  MODIFY `id` int(11) NOT NULL AUTO_INCREMENT, AUTO_INCREMENT=94;

--
-- AUTO_INCREMENT для таблицы `groups`
--
ALTER TABLE `groups`
  MODIFY `id` int(11) NOT NULL AUTO_INCREMENT, AUTO_INCREMENT=48;

--
-- AUTO_INCREMENT для таблицы `otdelenie`
--
ALTER TABLE `otdelenie`
  MODIFY `id` int(11) NOT NULL AUTO_INCREMENT, AUTO_INCREMENT=3;

--
-- AUTO_INCREMENT для таблицы `roles`
--
ALTER TABLE `roles`
  MODIFY `id` int(11) NOT NULL AUTO_INCREMENT, AUTO_INCREMENT=5;

--
-- AUTO_INCREMENT для таблицы `users`
--
ALTER TABLE `users`
  MODIFY `id` int(11) NOT NULL AUTO_INCREMENT, AUTO_INCREMENT=58;

--
-- AUTO_INCREMENT для таблицы `year`
--
ALTER TABLE `year`
  MODIFY `id` int(11) NOT NULL AUTO_INCREMENT, AUTO_INCREMENT=7;

--
-- Ограничения внешнего ключа сохраненных таблиц
--

--
-- Ограничения внешнего ключа таблицы `diplom`
--
ALTER TABLE `diplom`
  ADD CONSTRAINT `diplom_ibfk_1` FOREIGN KEY (`iduser`) REFERENCES `users` (`id`) ON DELETE CASCADE ON UPDATE CASCADE;

--
-- Ограничения внешнего ключа таблицы `groups`
--
ALTER TABLE `groups`
  ADD CONSTRAINT `groups_ibfk_1` FOREIGN KEY (`year_id`) REFERENCES `year` (`id`) ON DELETE CASCADE ON UPDATE CASCADE,
  ADD CONSTRAINT `groups_ibfk_2` FOREIGN KEY (`otdelenie_id`) REFERENCES `otdelenie` (`id`) ON DELETE CASCADE ON UPDATE CASCADE;

--
-- Ограничения внешнего ключа таблицы `users`
--
ALTER TABLE `users`
  ADD CONSTRAINT `users_ibfk_2` FOREIGN KEY (`idgroup`) REFERENCES `groups` (`id`) ON DELETE CASCADE ON UPDATE CASCADE,
  ADD CONSTRAINT `users_ibfk_3` FOREIGN KEY (`idrole`) REFERENCES `roles` (`id`) ON DELETE CASCADE ON UPDATE CASCADE;
COMMIT;

/*!40101 SET CHARACTER_SET_CLIENT=@OLD_CHARACTER_SET_CLIENT */;
/*!40101 SET CHARACTER_SET_RESULTS=@OLD_CHARACTER_SET_RESULTS */;
/*!40101 SET COLLATION_CONNECTION=@OLD_COLLATION_CONNECTION */;
